type,n,min_us,max_us,mean_us,median_us,stddev_us
0,500,72,96,81.333,79,9.631
0,600,86,89,87.556,88,1.333
0,700,103,128,115.111,112,9.062
0,800,132,225,148.889,134,30.832
0,900,171,239,202.444,197,21.812
0,1000,164,196,178.000,179,10.724
0,1100,175,278,193.556,187,32.156
0,1200,213,318,243.333,229,37.128
0,1300,255,352,284.667,276,33.808
0,1400,288,646,426.556,413,110.308
0,1500,290,402,348.778,369,46.473
0,1600,319,453,371.667,372,51.274
0,1700,356,467,412.889,419,40.800
0,1800,364,510,451.111,462,49.617
0,1900,347,517,414.000,388,62.795
0,2000,382,558,451.111,434,59.478
0,2100,453,583,510.889,495,46.307
0,2200,475,759,601.556,614,91.314
0,2300,429,534,486.667,486,31.109
0,2400,438,559,477.556,477,34.746
0,2500,456,479,471.889,475,9.130
0,2600,503,597,522.556,512,29.048
0,2700,494,525,507.222,507,9.654
0,2800,562,706,632.778,628,42.649
0,2900,685,739,710.333,709,20.982
0,3000,707,892,763.444,738,67.831
0,3100,700,739,721.000,722,15.232
0,3200,687,741,706.889,703,16.818
0,3300,679,898,721.889,701,66.722
0,3400,719,744,727.667,727,7.053
0,3500,730,880,763.333,740,47.950
0,3600,773,804,783.889,779,10.588
0,3700,791,821,811.556,816,10.406
0,3800,807,844,830.778,834,12.667
0,3900,829,861,844.000,844,9.962
0,4000,841,874,857.778,856,12.163
0,4100,856,1016,905.667,887,53.040
0,4200,892,1111,925.778,902,70.183
0,4300,921,983,939.444,935,18.941
0,4400,943,1075,985.778,971,41.987
0,4500,964,1020,994.444,996,19.907
0,4600,986,1024,999.444,995,13.361
0,4700,991,1452,1081.556,1027,144.499
0,4800,1055,1685,1261.111,1115,237.011
0,4900,1244,2001,1543.667,1496,229.538
0,5000,977,1122,1020.667,994,56.254
0,5100,1123,1358,1249.111,1255,72.671
0,5200,1261,1588,1326.444,1294,104.390
0,5300,1170,1641,1346.778,1305,173.200
0,5400,1168,1480,1225.222,1183,100.391
0,5500,1182,1751,1485.778,1486,192.393
0,5600,1301,2306,1541.000,1421,317.128
0,5700,1215,1322,1262.556,1252,38.614
0,5800,1320,1595,1386.000,1358,80.975
0,5900,1389,1699,1464.667,1427,96.230
0,6000,1444,1505,1480.222,1482,17.290
0,6100,1475,1533,1509.444,1512,16.794
0,6200,1540,1804,1603.222,1559,93.005
0,6300,1546,1642,1602.667,1606,32.600
0,6400,1576,1642,1607.444,1607,20.989
0,6500,1581,1693,1633.000,1629,37.533
0,6600,1657,1710,1680.889,1675,22.508
0,6700,1701,1756,1729.333,1733,17.692
0,6800,1676,1965,1739.556,1714,87.065
0,6900,1748,1863,1792.667,1792,31.105
0,7000,1742,1784,1766.000,1771,16.591
0,7100,1754,1851,1797.222,1788,28.582
0,7200,1806,1994,1878.222,1871,59.960
0,7300,1832,1973,1885.111,1882,42.031
0,7400,1869,1951,1910.111,1921,31.058
0,7500,1869,1943,1902.778,1886,31.240
0,7600,1911,1999,1959.889,1955,30.925
0,7700,1933,2002,1970.889,1975,27.516
0,7800,1858,2019,1949.889,1964,51.813
0,7900,1928,2043,1970.000,1950,40.277
0,8000,1983,2250,2088.667,2070,72.365
0,8100,1982,2656,2101.889,2032,211.396
0,8200,2050,2127,2070.222,2065,23.107
0,8300,2085,2445,2200.000,2141,128.731
0,8400,2106,3050,2305.333,2185,302.698
0,8500,2191,2237,2210.667,2208,15.835
0,8600,2125,2213,2186.333,2193,24.975
0,8700,2173,2343,2241.556,2240,49.267
0,8800,2236,2363,2276.111,2252,43.323
0,8900,2197,2417,2283.667,2262,64.092
0,9000,2284,2371,2332.111,2342,35.593
0,9100,2317,2402,2369.222,2372,28.595
0,9200,2282,2586,2400.889,2396,88.206
0,9300,2414,2511,2453.000,2452,26.476
0,9400,2394,2532,2462.444,2449,44.786
0,9500,2416,2526,2479.444,2489,34.764
0,9600,2482,2552,2518.556,2515,19.217
0,9700,2439,3092,2586.778,2550,195.292
0,9800,2481,2680,2561.333,2549,61.662
0,9900,2526,2651,2600.444,2610,41.714
0,10000,2561,2643,2606.222,2610,31.933
0,10100,2522,3083,2673.778,2654,163.295
0,10200,2535,3310,2737.889,2661,247.702
0,10300,2644,2760,2702.778,2707,39.474
0,10400,2662,3235,2792.222,2750,171.246
0,10500,2714,2992,2789.111,2775,84.290
0,10600,2694,3024,2830.889,2839,97.980
0,10700,2787,2910,2831.889,2807,45.990
0,10800,2833,3276,2929.778,2863,137.877
0,10900,2834,2987,2911.556,2901,50.841
0,11000,2901,3251,3005.111,2962,120.266
0,11100,2945,3031,2981.667,2955,37.212
0,11200,2954,3180,3018.111,2993,78.212
0,11300,2999,3316,3096.333,3075,93.691
0,11400,3045,3149,3077.667,3064,35.082
0,11500,3062,3186,3128.222,3127,39.073
0,11600,3097,3502,3191.778,3145,122.923
0,11700,3138,3278,3226.222,3232,37.181
0,11800,3160,3505,3250.778,3217,102.664
0,11900,3197,3513,3275.778,3234,95.968
0,12000,3240,3346,3291.333,3297,40.472
0,12100,3264,3367,3311.333,3320,36.328
0,12200,3296,3414,3339.222,3335,32.349
0,12300,3327,3424,3382.556,3390,32.527
0,12400,3369,3588,3450.556,3441,65.698
0,12500,3427,3668,3507.889,3484,75.282
0,12600,3355,3914,3516.333,3466,169.470
0,12700,3447,3670,3513.333,3480,72.175
0,12800,3412,3801,3602.222,3590,116.499
0,12900,3414,3989,3591.667,3558,174.655
0,13000,3583,3739,3657.778,3650,49.656
0,13100,3500,4083,3672.333,3634,188.912
0,13200,3576,3782,3655.556,3653,59.231
0,13300,3617,3903,3725.000,3736,84.875
0,13400,3644,3842,3747.556,3736,58.947
0,13500,3696,4055,3793.111,3759,126.747
0,13600,3702,3793,3752.111,3756,30.060
0,13700,3736,4041,3817.556,3774,97.681
0,13800,3727,4062,3824.556,3793,97.802
0,13900,3802,4035,3885.556,3858,73.633
0,14000,3808,3964,3878.111,3870,51.979
0,14100,3845,4173,3932.333,3893,106.415
0,14200,3847,4022,3920.444,3906,56.356
0,14300,3939,4100,3997.889,4006,51.936
0,14400,3907,4302,4051.778,3981,129.642
0,14500,3951,4244,4076.000,4056,85.255
0,14600,3976,4302,4083.111,4040,106.705
0,14700,3347,4251,3686.778,3533,323.832
0,14800,3707,4098,3870.667,3872,115.857
0,14900,3637,4202,3837.667,3792,188.539
0,15000,3716,4426,3965.667,3978,214.514
0,15100,3779,3953,3869.222,3907,74.978
0,15200,3814,4167,3985.667,3999,115.554
0,15300,3801,4016,3892.444,3918,73.816
0,15400,3849,4143,3946.889,3933,85.108
0,15500,3897,4182,4016.444,3988,93.266
0,15600,3936,4120,4057.222,4085,69.276
0,15700,3981,4241,4048.667,4031,80.447
0,15800,3966,4262,4124.889,4141,117.236
0,15900,4031,4281,4135.333,4124,70.795
0,16000,3954,4222,4102.667,4112,88.551
0,16100,4022,4476,4174.667,4144,126.922
0,16200,4110,4243,4176.111,4179,43.936
0,16300,4146,4271,4200.667,4197,42.854
0,16400,4167,4386,4277.778,4243,79.702
0,16500,4204,4323,4265.667,4279,44.387
0,16600,4250,4437,4342.667,4332,69.340
0,16700,4178,4734,4386.111,4298,199.979
0,16800,4283,4776,4496.000,4452,156.806
0,16900,4270,4378,4319.778,4324,36.691
0,17000,4275,4621,4429.667,4441,102.228
0,17100,4386,4676,4457.778,4428,91.253
0,17200,4293,4658,4462.000,4458,98.828
0,17300,4368,4749,4484.778,4444,110.924
0,17400,4443,4606,4513.000,4514,52.711
0,17500,4462,4583,4523.333,4517,43.863
0,17600,4456,4615,4536.778,4542,52.158
0,17700,4487,4672,4572.778,4555,62.040
0,17800,4560,4882,4671.556,4602,115.987
0,17900,4562,4874,4717.333,4734,112.251
0,18000,4515,4596,4559.111,4552,26.984
0,18100,4648,4846,4747.889,4724,71.431
0,18200,4645,4975,4767.444,4736,118.846
0,18300,4628,5194,4817.222,4775,168.124
0,18400,4712,5088,4899.667,4873,144.946
0,18500,4669,4975,4796.444,4777,96.051
0,18600,4674,4957,4824.556,4801,94.453
0,18700,4729,5051,4870.444,4857,92.883
0,18800,4828,5071,4908.444,4878,76.614
0,18900,4824,5255,4960.222,4929,131.483
0,19000,4874,5155,5015.000,5019,110.411
0,19100,4904,5095,5004.111,4995,67.369
0,19200,4977,5244,5101.889,5099,89.298
0,19300,4983,5739,5138.222,5017,250.230
0,19400,5028,5222,5116.889,5107,66.331
0,19500,5068,5556,5217.444,5183,165.825
0,19600,5061,5563,5275.111,5200,169.888
0,19700,5010,5501,5240.444,5208,177.651
0,19800,5114,5484,5299.333,5287,144.874
0,19900,5088,5916,5273.222,5176,254.986
0,20000,5177,5467,5298.778,5272,98.630
0,20100,5187,5748,5408.000,5292,218.664
0,20200,5174,5483,5327.889,5338,103.453
0,20300,5171,5499,5325.556,5312,101.869
0,20400,5221,5791,5453.222,5415,180.272
0,20500,5276,5496,5372.000,5349,76.176
0,20600,5335,5521,5402.889,5380,55.058
0,20700,5366,5500,5438.222,5462,53.056
0,20800,5399,5619,5492.889,5524,86.493
0,20900,5501,5613,5559.444,5577,47.925
0,21000,5459,5982,5601.778,5621,166.357
0,21100,5503,6003,5670.444,5659,160.695
0,21200,5559,6025,5741.556,5710,137.681
0,21300,5618,6116,5860.444,5820,182.840
0,21400,5580,5964,5783.556,5789,117.680
0,21500,5723,5897,5793.667,5799,63.259
0,21600,5690,6416,5914.889,5859,226.791
0,21700,5667,6143,5904.889,5911,164.433
0,21800,5777,6299,5997.333,5937,162.803
0,21900,5803,6270,5986.889,5897,183.873
0,22000,5877,6324,6112.778,6158,160.752
0,22100,5842,6378,6070.889,6036,166.236
0,22200,5933,6179,6020.333,5991,77.125
0,22300,5983,6587,6132.333,6086,181.130
0,22400,5997,6132,6048.333,6046,40.463
0,22500,6011,6276,6147.667,6149,96.451
0,22600,6004,6501,6213.333,6176,173.262
0,22700,5993,6209,6105.111,6098,63.748
0,22800,6076,7029,6324.333,6234,282.292
0,22900,6156,6428,6274.111,6268,85.772
0,23000,6104,6611,6293.000,6263,150.007
0,23100,6224,6447,6313.556,6289,77.159
0,23200,6245,6476,6354.556,6356,90.773
0,23300,6310,6458,6400.000,6429,55.387
0,23400,6301,6496,6407.889,6420,69.402
0,23500,6299,7235,6707.778,6697,344.828
0,23600,6463,6763,6565.556,6535,90.838
0,23700,6500,6733,6591.333,6598,69.181
0,23800,6450,6953,6664.000,6636,172.982
0,23900,6501,6687,6592.444,6616,59.649
0,24000,6468,6813,6592.111,6585,97.366
0,24100,6514,7129,6748.000,6703,225.518
0,24200,6560,7145,6794.222,6697,191.322
0,24300,6718,9396,7732.556,7816,981.737
0,24400,6218,7169,6701.000,6728,307.209
0,24500,6616,8658,7483.667,7196,798.209
0,24600,6681,7311,6878.111,6858,180.274
0,24700,6713,7049,6848.778,6826,140.371
0,24800,6866,7202,7012.222,6933,142.673
0,24900,6764,7204,6973.667,6996,160.087
0,25000,6872,7148,6993.000,6987,72.572
0,25100,6802,7236,6985.556,6996,122.411
0,25200,6923,7329,7057.333,7044,124.206
0,25300,7006,7216,7105.333,7104,73.778
0,25400,6922,7174,7079.000,7101,72.722
0,25500,6993,7403,7181.222,7150,157.619
0,25600,7046,7302,7171.111,7187,81.301
0,25700,7046,7393,7204.222,7184,105.217
0,25800,7033,7513,7263.889,7293,164.518
0,25900,7132,7531,7286.333,7249,136.210
0,26000,7110,7830,7368.222,7276,238.456
0,26100,7177,7347,7280.556,7292,61.800
0,26200,7263,7520,7373.222,7368,78.671
0,26300,7215,8295,7523.111,7456,322.300
0,26400,7213,8030,7443.444,7400,233.346
0,26500,7411,7603,7495.222,7478,73.673
0,26600,7332,7845,7601.000,7554,177.796
0,26700,7327,7704,7497.889,7490,133.753
0,26800,7311,7767,7484.111,7425,166.450
0,26900,7416,8105,7627.222,7559,200.787
0,27000,7361,7715,7588.556,7562,112.740
0,27100,7476,7714,7592.556,7614,86.025
0,27200,7518,7698,7623.556,7624,59.534
0,27300,7525,7803,7658.556,7632,90.519
0,27400,7574,8214,7839.444,7817,192.591
0,27500,7571,7971,7778.778,7744,126.578
0,27600,7743,7971,7821.889,7805,65.993
0,27700,7706,7876,7791.000,7791,58.754
0,27800,7758,8459,7932.111,7879,210.962
0,27900,7744,8031,7871.333,7841,87.367
0,28000,7793,8063,7924.667,7941,91.669
0,28100,7866,8184,8034.556,8044,94.374
0,28200,7888,8268,8066.000,8057,108.898
0,28300,7925,8366,8116.667,8147,126.890
0,28400,7807,8191,7986.222,7950,129.028
0,28500,7944,8481,8091.889,8041,160.409
0,28600,7813,8354,8034.111,8012,153.815
0,28700,8008,8205,8075.222,8045,68.130
0,28800,8075,8549,8206.000,8136,150.188
0,28900,8065,8514,8241.667,8243,148.345
0,29000,8133,8454,8298.556,8292,95.896
0,29100,8236,8872,8400.444,8326,193.368
0,29200,8167,8645,8351.667,8355,151.352
0,29300,8238,8887,8517.111,8393,251.856
0,29400,8228,8600,8390.333,8380,113.124
0,29500,8218,8551,8314.222,8278,105.267
0,29600,8267,8797,8437.222,8409,164.221
0,29700,8293,8681,8433.333,8435,121.562
0,29800,8310,8736,8524.778,8502,135.405
0,29900,8392,8630,8502.667,8528,78.705
0,30000,8332,9714,8693.444,8610,420.790
1,500,56,59,57.222,57,0.833
1,600,66,70,67.556,68,1.236
1,700,80,85,82.667,83,1.658
1,800,96,103,99.000,98,2.398
1,900,109,117,113.444,114,2.603
1,1000,123,130,125.889,125,2.147
1,1100,139,145,142.556,143,1.878
1,1200,146,155,150.889,151,3.551
1,1300,161,191,167.222,166,9.189
1,1400,180,187,184.111,185,2.713
1,1500,200,212,208.667,210,4.000
1,1600,216,229,223.333,223,4.387
1,1700,229,244,235.111,236,6.030
1,1800,236,251,244.444,245,4.275
1,1900,256,271,264.778,262,5.333
1,2000,274,283,277.444,276,3.206
1,2100,278,292,285.222,284,4.658
1,2200,294,307,301.778,302,4.944
1,2300,302,320,311.222,312,5.094
1,2400,316,338,326.000,324,6.928
1,2500,333,350,340.000,340,4.899
1,2600,357,465,379.889,365,34.232
1,2700,369,390,383.444,387,7.986
1,2800,380,567,439.556,409,73.067
1,2900,404,434,421.111,424,10.216
1,3000,427,457,440.222,437,10.317
1,3100,456,482,472.000,471,9.301
1,3200,468,501,486.222,488,10.317
1,3300,499,510,504.667,506,4.183
1,3400,493,517,509.889,514,7.705
1,3500,503,535,518.444,518,11.791
1,3600,516,551,532.778,533,12.122
1,3700,536,561,549.444,548,8.017
1,3800,553,589,574.778,577,13.293
1,3900,578,605,591.444,593,8.472
1,4000,600,622,608.444,604,8.487
1,4100,586,668,620.333,614,25.431
1,4200,601,635,615.667,613,11.906
1,4300,624,648,634.556,634,6.579
1,4400,641,802,667.333,652,50.781
1,4500,665,819,693.333,671,52.922
1,4600,666,695,680.778,683,8.541
1,4700,695,734,712.667,714,12.728
1,4800,712,753,722.667,717,13.172
1,4900,713,895,769.333,741,68.628
1,5000,728,770,751.667,753,15.058
1,5100,757,813,775.111,769,18.765
1,5200,789,1145,852.667,802,120.516
1,5300,783,811,796.889,796,11.418
1,5400,807,851,826.556,825,15.844
1,5500,851,1092,891.667,867,75.624
1,5600,858,898,883.000,885,11.737
1,5700,868,922,892.222,890,19.058
1,5800,885,954,912.444,905,29.172
1,5900,933,987,959.000,958,19.268
1,6000,943,1000,964.333,958,17.607
1,6100,947,978,963.000,962,10.897
1,6200,980,1021,997.889,986,17.954
1,6300,956,1023,997.444,1003,19.430
1,6400,998,1039,1012.111,1012,11.795
1,6500,1023,1247,1060.222,1038,70.663
1,6600,1055,1081,1064.889,1057,10.325
1,6700,1058,1130,1092.333,1090,22.164
1,6800,1078,1123,1099.000,1096,14.543
1,6900,1121,1147,1133.111,1136,8.753
1,7000,1112,1164,1135.556,1126,21.518
1,7100,1123,1162,1139.667,1138,11.158
1,7200,1128,1332,1159.667,1141,65.038
1,7300,1139,1200,1171.333,1169,19.577
1,7400,1150,1210,1179.333,1179,20.273
1,7500,1184,1242,1214.889,1222,18.705
1,7600,1198,1336,1238.000,1228,40.884
1,7700,1210,1458,1260.111,1239,76.291
1,7800,1252,1293,1272.778,1269,13.358
1,7900,1277,1313,1294.222,1295,13.255
1,8000,1250,1372,1313.000,1315,38.772
1,8100,1243,1348,1290.556,1289,31.373
1,8200,1284,1327,1304.667,1303,14.009
1,8300,1318,1359,1334.000,1331,13.829
1,8400,1323,1417,1352.667,1343,28.592
1,8500,1331,1402,1375.778,1379,24.402
1,8600,1349,1408,1386.000,1394,20.199
1,8700,1395,1477,1419.889,1411,27.728
1,8800,1373,1462,1427.778,1440,30.585
1,8900,1416,1532,1452.000,1436,39.509
1,9000,1430,1485,1457.333,1463,17.219
1,9100,1445,1488,1466.889,1466,13.280
1,9200,1433,1522,1487.222,1489,29.308
1,9300,1482,1553,1497.222,1492,21.684
1,9400,1503,1547,1520.000,1521,16.875
1,9500,1515,1578,1547.222,1540,21.557
1,9600,1502,1557,1531.444,1537,21.337
1,9700,1529,1604,1567.667,1569,27.092
1,9800,1542,2172,1644.222,1564,203.967
1,9900,1582,1918,1633.000,1598,107.492
1,10000,1580,1628,1605.556,1602,16.234
1,10100,1620,1694,1652.333,1651,24.269
1,10200,1639,1688,1662.222,1656,18.260
1,10300,1630,1681,1657.778,1659,15.254
1,10400,1665,1731,1698.222,1690,21.294
1,10500,1701,2022,1765.222,1747,99.006
1,10600,1692,1805,1726.000,1716,34.835
1,10700,1741,1972,1792.778,1759,74.846
1,10800,1743,2358,1859.333,1795,192.122
1,10900,1727,1812,1777.222,1786,27.617
1,11000,1823,2003,1863.444,1836,59.971
1,11100,1841,2000,1900.111,1854,67.567
1,11200,1857,2144,1898.667,1870,92.313
1,11300,1888,2199,1945.667,1920,96.383
1,11400,1941,1979,1955.556,1953,10.678
1,11500,1922,2407,1996.444,1935,155.757
1,11600,1962,2421,2043.667,2000,143.512
1,11700,1967,2027,1983.333,1979,17.292
1,11800,1997,2183,2074.778,2072,54.868
1,11900,2065,2107,2081.111,2077,15.358
1,12000,2039,2287,2107.889,2092,73.079
1,12100,2063,2337,2108.889,2077,86.809
1,12200,2069,2144,2114.778,2128,28.460
1,12300,2124,2331,2173.778,2162,64.181
1,12400,2129,2184,2153.444,2149,21.807
1,12500,2176,2417,2221.889,2204,74.755
1,12600,2137,2242,2174.556,2158,35.767
1,12700,2170,2404,2226.889,2220,70.651
1,12800,2209,2283,2230.556,2226,23.880
1,12900,2210,2301,2256.111,2267,34.588
1,13000,2226,2274,2247.556,2243,16.118
1,13100,2265,2467,2326.333,2306,62.221
1,13200,2211,2657,2304.667,2265,134.726
1,13300,2293,2483,2336.111,2313,59.415
1,13400,2294,2604,2398.000,2376,91.946
1,13500,2385,2546,2421.778,2412,49.492
1,13600,2406,2478,2429.778,2417,25.670
1,13700,2349,2588,2412.333,2384,72.799
1,13800,2418,2600,2474.778,2461,58.904
1,13900,2398,2532,2471.889,2463,42.707
1,14000,2409,2956,2549.000,2487,171.761
1,14100,2354,2639,2449.444,2431,81.632
1,14200,2478,2859,2574.222,2539,122.764
1,14300,2478,2700,2562.778,2546,79.864
1,14400,2475,2593,2518.778,2494,44.738
1,14500,2493,2787,2570.889,2533,96.197
1,14600,2503,2628,2563.444,2542,41.780
1,14700,2534,2756,2592.111,2579,72.927
1,14800,2577,2770,2641.889,2620,56.578
1,14900,2608,2825,2652.111,2635,66.627
1,15000,2616,2717,2654.556,2655,29.946
1,15100,2639,2848,2687.556,2666,63.196
1,15200,2631,2704,2679.000,2684,26.814
1,15300,2680,2817,2729.222,2720,38.265
1,15400,2620,3088,2779.444,2785,137.692
1,15500,2686,3070,2773.556,2732,116.597
1,15600,2691,2771,2719.778,2710,27.202
1,15700,2783,3011,2842.222,2820,69.593
1,15800,2745,3269,2869.444,2807,167.784
1,15900,2763,3321,2925.111,2818,196.769
1,16000,2772,2878,2820.667,2799,45.039
1,16100,2776,3202,2922.111,2872,142.706
1,16200,2862,2988,2915.444,2900,39.323
1,16300,2882,2930,2910.000,2912,16.340
1,16400,2826,3061,2925.222,2888,80.291
1,16500,2832,3886,3024.222,2934,326.287
1,16600,2862,2957,2924.000,2932,29.547
1,16700,2910,3110,2963.556,2943,60.628
1,16800,2907,3415,3023.111,2969,152.829
1,16900,2892,3347,3020.778,2941,154.898
1,17000,3013,3303,3066.889,3032,92.943
1,17100,2975,3184,3053.667,3062,64.994
1,17200,3053,3181,3088.444,3069,42.377
1,17300,3003,3492,3108.778,3037,161.324
1,17400,2997,3354,3172.667,3141,122.953
1,17500,3040,3387,3115.889,3076,105.654
1,17600,3074,3159,3102.222,3089,31.092
1,17700,3076,3171,3116.889,3127,39.901
1,17800,3097,3406,3197.222,3167,113.235
1,17900,3050,3323,3170.222,3180,101.815
1,18000,3122,3243,3174.889,3157,45.065
1,18100,3072,3239,3166.556,3169,52.022
1,18200,3086,3266,3180.444,3193,55.299
1,18300,3108,3471,3245.556,3215,126.450
1,18400,3166,3573,3285.556,3279,117.004
1,18500,3226,3415,3302.556,3291,67.530
1,18600,3253,3478,3320.222,3308,64.237
1,18700,3262,3577,3351.222,3275,126.711
1,18800,3247,3434,3345.556,3352,72.600
1,18900,3304,3445,3372.778,3378,42.449
1,19000,3274,4407,3576.222,3493,335.366
1,19100,3284,3436,3353.444,3335,51.154
1,19200,3274,3853,3440.667,3353,181.638
1,19300,3374,3666,3475.667,3465,83.203
1,19400,3389,3540,3431.778,3420,47.191
1,19500,3378,3687,3501.444,3490,105.751
1,19600,3498,3630,3540.000,3526,38.633
1,19700,3531,3614,3562.889,3560,23.390
1,19800,3451,3799,3565.667,3546,110.733
1,19900,3492,3816,3586.667,3527,116.831
1,20000,3415,3608,3514.333,3518,72.772
1,20100,3468,4217,3635.889,3611,225.523
1,20200,3517,3655,3588.667,3590,55.249
1,20300,3604,3664,3635.444,3640,25.269
1,20400,3478,3838,3643.111,3653,109.957
1,20500,3449,3849,3650.778,3629,142.728
1,20600,3510,3743,3637.889,3659,75.367
1,20700,3571,3797,3654.111,3628,68.761
1,20800,3558,3996,3701.333,3683,121.637
1,20900,3682,4300,3770.222,3706,199.358
1,21000,3634,3790,3724.222,3744,51.971
1,21100,3650,3988,3782.556,3729,121.921
1,21200,3721,3832,3768.667,3762,34.814
1,21300,3747,3978,3828.333,3824,64.805
1,21400,3722,4051,3852.111,3814,112.609
1,21500,3806,3951,3857.222,3844,48.897
1,21600,3769,3918,3850.444,3850,39.485
1,21700,3788,3951,3871.889,3879,52.992
1,21800,3834,4152,3935.333,3890,123.220
1,21900,3787,4473,4125.000,4136,262.849
1,22000,3880,3995,3935.556,3923,46.734
1,22100,3949,4064,3988.444,3978,35.370
1,22200,3975,4284,4107.667,4059,115.792
1,22300,3955,4078,4014.000,4021,37.881
1,22400,3964,4131,4015.111,4001,50.797
1,22500,3960,4373,4078.111,4034,119.349
1,22600,3928,4163,4029.222,3993,82.893
1,22700,4005,4322,4118.667,4129,91.918
1,22800,4069,4307,4142.111,4117,67.505
1,22900,4097,4575,4354.667,4381,170.190
1,23000,4091,4488,4242.444,4175,138.946
1,23100,4087,4322,4199.222,4190,67.500
1,23200,4228,4430,4328.889,4333,67.736
1,23300,4152,4509,4298.444,4277,97.728
1,23400,4305,4369,4334.000,4329,21.546
1,23500,4256,4459,4336.000,4337,60.941
1,23600,4299,4452,4352.111,4337,43.010
1,23700,4252,4890,4447.667,4410,193.455
1,23800,4238,4862,4363.222,4305,194.394
1,23900,4363,4542,4451.667,4482,72.609
1,24000,4430,4617,4509.111,4486,64.447
1,24100,4345,4997,4559.778,4534,177.840
1,24200,4369,4760,4484.667,4459,116.524
1,24300,4483,4784,4572.000,4561,93.941
1,24400,4476,4769,4622.667,4600,100.855
1,24500,4466,4742,4557.667,4526,87.022
1,24600,4526,5002,4664.222,4580,161.888
1,24700,4493,4727,4585.778,4567,73.690
1,24800,4565,4914,4656.889,4617,109.095
1,24900,4505,4849,4636.444,4633,102.907
1,25000,4501,5115,4701.333,4613,188.377
1,25100,4680,4855,4769.778,4769,62.621
1,25200,4599,4910,4731.778,4730,94.477
1,25300,4638,4839,4733.889,4740,59.166
1,25400,4662,4923,4774.444,4772,93.011
1,25500,4743,5058,4862.778,4826,99.048
1,25600,4709,5357,4894.000,4840,203.426
1,25700,4721,4919,4796.111,4781,68.674
1,25800,4679,5414,4826.556,4770,224.685
1,25900,4762,5178,4943.778,4946,128.220
1,26000,4669,5521,4920.778,4781,283.867
1,26100,4717,5885,4982.111,4837,359.285
1,26200,4829,5575,5024.444,4978,222.515
1,26300,4872,5162,4962.000,4948,80.382
1,26400,4875,5108,4955.778,4914,82.767
1,26500,4844,5248,5006.444,4969,132.846
1,26600,4906,5138,4986.778,4980,72.598
1,26700,4841,5369,5004.444,4947,178.354
1,26800,4842,5261,4975.889,4966,123.939
1,26900,4917,5554,5119.556,5120,188.172
1,27000,4892,5217,5045.333,5012,116.577
1,27100,5050,5385,5153.556,5132,104.280
1,27200,4927,5452,5160.444,5133,174.668
1,27300,4979,5135,5080.778,5073,48.710
1,27400,5101,5222,5165.222,5164,43.095
1,27500,5080,5201,5128.222,5122,35.815
1,27600,4959,5348,5156.000,5180,129.951
1,27700,4998,5477,5262.778,5287,131.845
1,27800,5021,5439,5225.444,5239,126.152
1,27900,5117,5484,5257.778,5222,129.332
1,28000,5115,5511,5323.889,5309,109.869
1,28100,5099,5505,5307.333,5305,160.936
1,28200,5074,5679,5357.778,5341,221.428
1,28300,5220,5400,5321.889,5348,68.199
1,28400,5200,5513,5318.889,5321,93.800
1,28500,5247,5531,5359.000,5307,105.148
1,28600,5316,5598,5439.111,5426,91.481
1,28700,5252,5575,5408.444,5407,100.855
1,28800,5296,5477,5367.000,5347,61.276
1,28900,5291,5654,5478.556,5492,98.897
1,29000,5312,5539,5407.111,5382,79.724
1,29100,5229,5563,5421.444,5431,99.524
1,29200,5378,5737,5514.556,5490,121.756
1,29300,5321,6261,5520.889,5421,285.342
1,29400,5433,5884,5572.000,5559,129.284
1,29500,5325,6074,5609.667,5601,221.713
1,29600,5446,5731,5562.889,5573,91.794
1,29700,5489,5982,5659.444,5633,155.334
1,29800,5519,5733,5605.778,5578,74.226
1,29900,5456,5932,5579.222,5513,150.722
1,30000,5486,5751,5629.333,5677,93.504
2,500,52,53,52.111,52,0.333
2,600,58,63,60.778,62,1.787
2,700,76,78,76.333,76,0.707
2,800,93,94,93.111,93,0.333
2,900,101,129,111.333,107,9.152
2,1000,109,124,116.000,114,5.315
2,1100,121,133,126.000,125,3.571
2,1200,132,148,138.111,138,5.510
2,1300,145,154,150.556,151,3.609
2,1400,166,184,171.444,168,6.560
2,1500,192,202,197.444,197,3.941
2,1600,200,219,206.889,207,5.349
2,1700,220,233,228.000,231,5.315
2,1800,233,245,239.111,240,4.314
2,1900,247,275,261.889,266,10.301
2,2000,251,276,262.667,259,10.665
2,2100,279,295,289.556,291,6.247
2,2200,284,308,296.333,294,10.759
2,2300,296,314,305.556,303,6.106
2,2400,307,333,318.778,315,8.899
2,2500,320,343,331.556,330,7.178
2,2600,336,359,346.000,345,6.690
2,2700,357,386,371.778,370,10.580
2,2800,372,407,391.444,402,15.175
2,2900,398,436,414.556,410,15.125
2,3000,421,457,439.000,438,11.000
2,3100,453,460,455.444,454,2.351
2,3200,469,500,485.778,487,9.052
2,3300,486,510,495.222,493,8.913
2,3400,488,525,506.444,508,13.333
2,3500,488,550,511.222,508,17.470
2,3600,534,587,555.778,554,18.383
2,3700,562,788,600.111,579,71.342
2,3800,558,605,586.444,598,18.988
2,3900,549,606,576.778,573,19.312
2,4000,556,761,619.111,610,62.740
2,4100,584,782,623.222,601,60.615
2,4200,607,644,627.889,635,15.062
2,4300,631,654,643.444,638,8.734
2,4400,612,873,659.111,630,82.302
2,4500,650,681,662.778,664,9.705
2,4600,659,698,676.889,680,13.308
2,4700,664,693,682.444,689,10.370
2,4800,692,721,706.111,705,9.144
2,4900,680,960,742.667,722,84.630
2,5000,701,881,754.222,743,50.477
2,5100,740,766,753.444,751,8.278
2,5200,753,809,782.778,778,16.998
2,5300,773,804,793.889,796,9.880
2,5400,771,859,825.000,831,25.397
2,5500,847,1193,944.556,870,140.702
2,5600,865,961,913.556,914,24.352
2,5700,877,954,920.000,935,29.077
2,5800,924,1125,958.111,938,63.593
2,5900,886,975,918.111,911,29.658
2,6000,974,1059,1018.000,1015,25.505
2,6100,1011,1033,1020.556,1015,9.356
2,6200,960,1006,984.667,989,14.517
2,6300,990,1057,1022.000,1016,22.907
2,6400,968,1022,996.556,1006,22.289
2,6500,1034,1176,1105.444,1094,55.213
2,6600,1090,1125,1109.111,1111,12.524
2,6700,1071,1229,1109.222,1084,51.734
2,6800,1045,1106,1080.889,1080,20.847
2,6900,1084,1175,1116.111,1117,27.805
2,7000,1093,1159,1132.111,1139,27.265
2,7100,1133,1184,1158.000,1157,16.530
2,7200,1154,1190,1171.333,1168,13.029
2,7300,1157,1206,1185.556,1186,17.777
2,7400,1185,1428,1242.889,1220,75.797
2,7500,1215,1260,1241.444,1242,13.556
2,7600,1182,1452,1251.889,1234,79.944
2,7700,1292,1380,1328.556,1330,27.501
2,7800,1229,1381,1305.000,1313,44.931
2,7900,1163,1342,1211.556,1191,54.240
2,8000,1277,1518,1388.667,1408,71.295
2,8100,1373,1446,1408.222,1405,23.188
2,8200,1351,1726,1428.667,1395,114.823
2,8300,1279,1386,1347.222,1358,36.317
2,8400,1343,1448,1391.556,1386,35.532
2,8500,1378,1487,1420.667,1399,42.243
2,8600,1377,1563,1438.778,1440,54.392
2,8700,1396,1485,1443.111,1443,26.970
2,8800,1410,1684,1479.889,1450,82.448
2,8900,1439,1520,1483.444,1495,26.679
2,9000,1435,2047,1548.000,1489,189.816
2,9100,1443,1566,1511.667,1516,40.966
2,9200,1500,1559,1530.222,1537,20.142
2,9300,1485,1576,1517.556,1514,26.430
2,9400,1533,1618,1569.000,1563,24.855
2,9500,1532,1599,1565.222,1566,24.361
2,9600,1550,2264,1690.667,1609,226.659
2,9700,1496,1885,1603.333,1546,128.971
2,9800,1542,1713,1616.778,1610,50.497
2,9900,1618,1683,1650.889,1656,24.852
2,10000,1679,1729,1695.333,1691,17.776
2,10100,1634,1869,1707.444,1708,67.578
2,10200,1600,1794,1689.444,1649,70.868
2,10300,1687,1759,1714.889,1705,25.766
2,10400,1683,2321,1834.889,1741,211.393
2,10500,1712,2120,1782.556,1733,128.874
2,10600,1709,2532,1868.889,1783,257.114
2,10700,1766,2128,1870.778,1805,131.386
2,10800,1811,1917,1851.778,1845,33.376
2,10900,1793,2363,1908.778,1834,178.639
2,11000,1901,2239,1971.889,1916,112.205
2,11100,1864,2177,1956.889,1949,92.677
2,11200,1905,2237,2030.222,1954,143.398
2,11300,1963,2031,1996.333,1993,20.736
2,11400,2015,2207,2073.333,2069,61.875
2,11500,2054,2319,2108.556,2062,95.809
2,11600,2006,2459,2133.000,2076,157.004
2,11700,2042,2185,2090.778,2093,42.684
2,11800,2130,2422,2215.222,2196,91.300
2,11900,2150,2388,2215.000,2195,70.885
2,12000,2116,2358,2170.111,2151,72.452
2,12100,2173,2263,2215.889,2213,26.469
2,12200,2208,2300,2244.444,2234,30.676
2,12300,2239,2498,2293.667,2270,80.466
2,12400,2191,2270,2218.222,2205,28.106
2,12500,2203,2508,2285.000,2263,91.811
2,12600,2222,2486,2279.444,2239,84.431
2,12700,2247,2548,2308.000,2272,93.798
2,12800,2278,2533,2353.778,2326,80.388
2,12900,2346,2674,2413.333,2384,101.993
2,13000,2373,2615,2474.111,2447,85.517
2,13100,2317,2380,2350.556,2348,20.881
2,13200,2398,2541,2465.222,2477,49.837
2,13300,2335,2657,2420.222,2404,93.244
2,13400,2409,2572,2462.111,2452,49.956
2,13500,2416,2554,2492.778,2511,46.711
2,13600,2415,2762,2566.667,2611,111.751
2,13700,2454,2561,2500.556,2487,40.383
2,13800,2483,2964,2598.000,2519,162.184
2,13900,2468,2701,2552.889,2544,73.278
2,14000,2497,2620,2549.889,2547,37.059
2,14100,2517,2901,2629.222,2573,144.564
2,14200,2550,2647,2606.667,2615,33.091
2,14300,2571,2833,2655.333,2629,92.817
2,14400,2607,2997,2734.000,2721,119.567
2,14500,2592,2697,2646.778,2646,32.809
2,14600,2610,2964,2721.889,2688,102.295
2,14700,2583,2839,2699.000,2691,82.049
2,14800,2622,3148,2740.000,2666,166.897
2,14900,2655,2839,2728.444,2697,64.259
2,15000,2643,3322,2858.889,2790,214.986
2,15100,2684,3091,2790.778,2758,119.999
2,15200,2786,2852,2815.333,2814,20.050
2,15300,2781,2927,2847.333,2822,55.597
2,15400,2773,2884,2830.667,2827,37.666
2,15500,2813,3203,2904.111,2870,117.233
2,15600,2813,3134,2912.667,2887,111.113
2,15700,2834,2985,2903.889,2919,51.326
2,15800,2756,3113,2884.444,2848,133.478
2,15900,2834,2959,2917.444,2919,37.560
2,16000,2886,2963,2923.000,2917,29.682
2,16100,2885,2971,2940.667,2948,27.960
2,16200,2927,3160,3011.111,2997,77.438
2,16300,2893,3023,2960.333,2964,45.850
2,16400,2973,3043,3014.667,3020,21.071
2,16500,3012,3282,3083.667,3064,80.307
2,16600,3013,3327,3093.444,3065,92.450
2,16700,3020,3146,3090.000,3092,35.986
2,16800,3012,3299,3173.222,3165,88.654
2,16900,3030,3438,3216.222,3189,162.130
2,17000,3078,3392,3222.222,3210,93.632
2,17100,3067,3153,3119.778,3124,26.229
2,17200,3068,3461,3177.222,3159,113.179
2,17300,3118,3317,3217.889,3220,56.317
2,17400,3204,3460,3283.444,3263,74.671
2,17500,3146,3423,3226.000,3186,96.825
2,17600,3256,3428,3311.333,3293,59.492
2,17700,3201,3915,3378.111,3316,233.102
2,17800,3192,3751,3341.444,3250,178.080
2,17900,3229,3747,3352.333,3319,152.333
2,18000,3256,3477,3340.444,3328,63.341
2,18100,3285,3656,3394.000,3351,135.934
2,18200,3313,3710,3425.444,3386,135.033
2,18300,3354,3697,3451.222,3395,126.906
2,18400,3371,3661,3435.778,3400,96.915
2,18500,3375,3601,3489.667,3495,65.915
2,18600,3357,3755,3472.222,3491,122.954
2,18700,3311,4022,3524.222,3451,219.819
2,18800,3373,3704,3497.778,3482,87.189
2,18900,3403,3642,3489.222,3457,96.672
2,19000,3377,3572,3465.556,3438,66.562
2,19100,3448,3559,3513.556,3515,38.066
2,19200,3432,4303,3614.556,3528,273.272
2,19300,3415,3776,3541.333,3503,111.281
2,19400,3412,3825,3628.889,3591,133.182
2,19500,3542,3634,3584.889,3598,31.955
2,19600,3586,3858,3650.889,3606,89.438
2,19700,3558,3844,3708.333,3695,81.829
2,19800,3531,4108,3647.000,3584,179.012
2,19900,3608,4068,3786.556,3739,137.704
2,20000,3660,4009,3731.667,3689,110.521
2,20100,3635,3887,3749.222,3767,82.045
2,20200,3608,3858,3732.000,3708,87.782
2,20300,3679,3885,3756.111,3740,58.601
2,20400,3631,3999,3808.333,3816,128.053
2,20500,3676,4064,3805.000,3738,134.163
2,20600,3710,4056,3813.111,3774,129.234
2,20700,3756,3915,3819.556,3816,43.838
2,20800,3745,4038,3865.000,3861,87.526
2,20900,3767,3907,3834.222,3848,55.047
2,21000,3688,4183,3904.889,3892,132.373
2,21100,3805,4155,3903.778,3877,101.510
2,21200,3815,4275,3980.333,3955,148.769
2,21300,3959,4074,4011.444,4011,37.720
2,21400,3860,4810,4102.111,3977,308.738
2,21500,3874,4692,4128.889,4026,284.199
2,21600,3929,4593,4115.333,4074,202.954
2,21700,3973,4443,4097.667,4043,145.707
2,21800,3992,4525,4188.333,4128,158.817
2,21900,3976,4471,4180.778,4172,149.450
2,22000,4101,4424,4211.333,4141,128.185
2,22100,3957,4283,4117.778,4136,110.742
2,22200,4005,4226,4140.444,4172,82.152
2,22300,4117,4260,4200.444,4229,54.185
2,22400,4100,4573,4291.000,4265,126.293
2,22500,4182,4402,4261.333,4220,82.938
2,22600,4166,4583,4353.889,4351,117.793
2,22700,4196,4573,4381.778,4390,137.694
2,22800,4174,4517,4375.667,4409,120.549
2,22900,4426,4976,4633.333,4549,179.600
2,23000,4274,4915,4492.778,4440,210.583
2,23100,4375,4938,4570.778,4497,202.267
2,23200,4491,4791,4626.667,4625,98.377
2,23300,4489,4598,4549.222,4571,41.279
2,23400,4463,4733,4610.111,4612,97.911
2,23500,4484,5040,4695.444,4628,163.178
2,23600,4493,5367,4705.778,4653,259.883
2,23700,4461,4904,4609.000,4562,138.701
2,23800,4640,4921,4733.000,4720,82.594
2,23900,4510,5189,4822.667,4759,203.801
2,24000,4617,4989,4762.778,4752,109.392
2,24100,4708,4948,4781.556,4727,96.141
2,24200,4619,4941,4730.444,4709,103.624
2,24300,4656,5161,4905.778,4871,170.559
2,24400,4713,4958,4815.667,4806,64.815
2,24500,4680,5286,4847.333,4811,178.280
2,24600,4699,5138,4884.000,4862,164.357
2,24700,4773,6043,5034.333,4888,391.437
2,24800,4839,5132,4987.778,4947,96.884
2,24900,4824,5198,4960.444,4940,139.912
2,25000,4728,5212,4947.000,4931,163.588
2,25100,4854,5066,4963.889,4990,76.198
2,25200,4897,5442,5026.111,4976,168.672
2,25300,4853,5123,4979.000,4986,97.831
2,25400,4862,5267,5030.222,4994,141.499
2,25500,4905,5616,5070.444,4978,219.651
2,25600,4882,5215,5038.333,5034,89.034
2,25700,4917,5123,5017.667,5015,64.676
2,25800,4879,5339,5009.667,4973,137.444
2,25900,4965,5396,5166.444,5147,134.847
2,26000,4967,5256,5087.111,5060,88.154
2,26100,4930,5327,5134.889,5141,121.291
2,26200,5013,5417,5149.444,5164,120.865
2,26300,5071,5452,5186.889,5173,109.354
2,26400,5030,5214,5164.111,5186,58.471
2,26500,5115,5682,5355.000,5250,205.222
2,26600,5097,5342,5206.778,5228,87.191
2,26700,5207,5402,5279.000,5260,56.369
2,26800,5122,5805,5277.889,5185,210.806
2,26900,5242,5342,5283.778,5269,33.789
2,27000,5234,5367,5321.333,5335,48.182
2,27100,5298,5876,5486.889,5420,179.948
2,27200,5241,5461,5359.556,5386,70.898
2,27300,5231,5845,5414.333,5385,184.136
2,27400,5320,5903,5561.111,5539,181.393
2,27500,5216,5546,5365.444,5400,126.864
2,27600,5265,5552,5398.667,5402,80.790
2,27700,5238,5522,5367.556,5386,98.228
2,27800,5294,6379,5574.667,5479,314.968
2,27900,5339,5486,5422.222,5439,47.950
2,28000,5395,5786,5566.000,5495,142.627
2,28100,5397,5693,5511.000,5475,106.862
2,28200,5475,5846,5564.444,5507,119.433
2,28300,5352,5738,5518.667,5527,113.546
2,28400,5475,5664,5587.000,5598,56.837
2,28500,5433,5727,5554.444,5560,95.267
2,28600,5532,5932,5759.333,5767,129.613
2,28700,5517,5721,5631.556,5637,63.957
2,28800,5471,5800,5618.444,5632,106.259
2,28900,5510,6304,5715.000,5659,244.521
2,29000,5516,5963,5636.333,5629,133.851
2,29100,5584,5926,5696.778,5666,114.585
2,29200,5712,6231,5827.667,5780,159.558
2,29300,5571,6012,5789.778,5742,173.015
2,29400,5686,5859,5739.889,5722,51.970
2,29500,5672,6049,5835.889,5812,113.649
2,29600,5749,5922,5821.667,5789,62.338
2,29700,5551,6153,5844.889,5819,170.476
2,29800,5624,6724,5894.667,5835,333.893
2,29900,5774,5982,5884.111,5908,66.508
2,30000,5764,6030,5883.889,5894,83.132
